Title,Company,Location,Title,Company,Location
Course Editor (UI/UX Design),IxDF - Interaction Design Foundation,Anywhere in the World,Course Editor (UI/UX Design),IxDF - Interaction Design Foundation,Anywhere in the World
Front end Manager,Soar Financials,Anywhere in the World,Front end Manager,Soar Financials,Anywhere in the World
UI/UX Designer,Files.com,North America Only,UI/UX Designer,Files.com,North America Only
Entry Level Sales Agent - Chat Only - Side Hustle,Used Conex LLC,USA Only,Entry Level Sales Agent - Chat Only - Side Hustle,Used Conex LLC,USA Only
Full Stack Developer Bootcamp - Job Guaranteed ðŸš€,Metana,Remote,Full Stack Developer Bootcamp - Job Guaranteed ðŸš€,Metana,Remote
3D Designer,Contra,Anywhere in the World,3D Designer,Contra,Anywhere in the World
Logo Designer,Contra,Anywhere in the World,Logo Designer,Contra,Anywhere in the World
Visual Designer,Contra,Anywhere in the World,Visual Designer,Contra,Anywhere in the World
Freelance Motion Designer,Contra,Anywhere in the World,Freelance Motion Designer,Contra,Anywhere in the World
UX Designer,Contra,Anywhere in the World,UX Designer,Contra,Anywhere in the World
UI Designer,Contra,Anywhere in the World,UI Designer,Contra,Anywhere in the World
Freelance Product Designer,Contra,Anywhere in the World,Freelance Product Designer,Contra,Anywhere in the World
Framer Designer,Contra,Anywhere in the World,Framer Designer,Contra,Anywhere in the World
Graphic Designer,Contra,Anywhere in the World,Graphic Designer,Contra,Anywhere in the World
Brand Designer,Contra,Anywhere in the World,Brand Designer,Contra,Anywhere in the World
Part-Time Web Designer,Contra,Anywhere in the World,Part-Time Web Designer,Contra,Anywhere in the World
Product Design Manager,Close,USA Only,Product Design Manager,Close,USA Only
UI Designer and Figma Specialist,IxDF - Interaction Design Foundation,Anywhere in the World,UI Designer and Figma Specialist,IxDF - Interaction Design Foundation,Anywhere in the World
Product Design Intern,GitHub,USA Only,Product Design Intern,GitHub,USA Only
Visual Designer,Microsoft,Latin America Only,Visual Designer,Microsoft,Latin America Only
Outbound Sales Development Rep.,QuickMail,Americas Only/Europe Only,Outbound Sales Development Rep.,QuickMail,Americas Only/Europe Only
Social Media Video Content Creator,Canonical,EMEA Only,Social Media Video Content Creator,Canonical,EMEA Only
"Account Strategist, Mid-Market Sales, Google Customer Solutions (Italian, English)",Google,Europe Only,"Account Strategist, Mid-Market Sales, Google Customer Solutions (Italian, English)",Google,Europe Only
Work From Home Social Media Manager Located in USA,Junk Car Boys,USA Only,Work From Home Social Media Manager Located in USA,Junk Car Boys,USA Only
Software Support Engineer,CData Virtuality,Anywhere in the World,Software Support Engineer,CData Virtuality,Anywhere in the World
Senior Product Marketing Manager,Microsoft,USA Only,Senior Product Marketing Manager,Microsoft,USA Only
Social Media Manager,Tiller,Anywhere in the World,Social Media Manager,Tiller,Anywhere in the World
WP All Import: SEO Strategist & Writer,WP All Import,Anywhere in the World,WP All Import: SEO Strategist & Writer,WP All Import,Anywhere in the World
Sales Development Representative,"VEXXHOST, Inc.",Anywhere in the World,Sales Development Representative,"VEXXHOST, Inc.",Anywhere in the World
Digital Marketer,Contra,Anywhere in the World,Digital Marketer,Contra,Anywhere in the World
Brand Strategist,Contra,Anywhere in the World,Brand Strategist,Contra,Anywhere in the World
Social Media Manager,Contra,Anywhere in the World,Social Media Manager,Contra,Anywhere in the World
Content Creator,Contra,Anywhere in the World,Content Creator,Contra,Anywhere in the World
Copywriter / Creative Strategist For ECOMMERCE Brand,TheKiddoSpace,Anywhere in the World,Copywriter / Creative Strategist For ECOMMERCE Brand,TheKiddoSpace,Anywhere in the World
Remote Inside Sales,Report Owl LLC,Anywhere in the World,Remote Inside Sales,Report Owl LLC,Anywhere in the World
Remote Sales Chat Representative,UsedConex.com,USA Only,Remote Sales Chat Representative,UsedConex.com,USA Only
Email Marketing Manager & Specialist,TheKiddoSpace,Anywhere in the World,Email Marketing Manager & Specialist,TheKiddoSpace,Anywhere in the World
Social Media Manager (Ecommerce Brand),TheKiddoSpace,Anywhere in the World,Social Media Manager (Ecommerce Brand),TheKiddoSpace,Anywhere in the World
TikTok Shop Manager,TheKiddoSpace,Anywhere in the World,TikTok Shop Manager,TheKiddoSpace,Anywhere in the World
Google Media Buyer (Ecommerce Brand),TheKiddoSpace,Anywhere in the World,Google Media Buyer (Ecommerce Brand),TheKiddoSpace,Anywhere in the World
CRO Manager & Specialist,TheKiddoSpace,Anywhere in the World,CRO Manager & Specialist,TheKiddoSpace,Anywhere in the World
Creative Strategist (Ecommerce Brand),TheKiddoSpace,Anywhere in the World,Creative Strategist (Ecommerce Brand),TheKiddoSpace,Anywhere in the World
Senior iOS Engineer,Primer,Anywhere in the World,Senior iOS Engineer,Primer,Anywhere in the World
"Manager, Mandiant Proactive Services, Google Cloud",Google,Canada Only,"Manager, Mandiant Proactive Services, Google Cloud",Google,Canada Only
Senior Ruby on Rails Engineer (Fintech),Telleroo,Europe Only,Senior Ruby on Rails Engineer (Fintech),Telleroo,Europe Only
Senior Backend Engineer,Toggl,Americas Only/EMEA Only,Senior Backend Engineer,Toggl,Americas Only/EMEA Only
Sr. Manager â€“ Production Planning,Microsoft,USA Only,Sr. Manager â€“ Production Planning,Microsoft,USA Only
Site Reliability Engineer,Sticker Mule,Anywhere in the World,Site Reliability Engineer,Sticker Mule,Anywhere in the World
"Staff Data Scientist, Infrastructure",Pinterest,USA Only,"Staff Data Scientist, Infrastructure",Pinterest,USA Only
"Software Engineer (L5), Content Engineering",Netflix,USA Only,"Software Engineer (L5), Content Engineering",Netflix,USA Only
Engineering Technical Lead - Node.js - EMEA,Hostaway,EMEA Only,Engineering Technical Lead - Node.js - EMEA,Hostaway,EMEA Only
"Data Engineer, Analytics (Technical Leadership)",Meta,USA Only,"Data Engineer, Analytics (Technical Leadership)",Meta,USA Only
"Software Engineer, Test & Privacy",Meta,USA Only,"Software Engineer, Test & Privacy",Meta,USA Only
Senior Backend Engineer (C# / Azure) Remote US Only,Stratus,USA Only,Senior Backend Engineer (C# / Azure) Remote US Only,Stratus,USA Only
"Senior GO Developer (DIstributed System, blockchain)",Swarm Foundation,Anywhere in the World,"Senior GO Developer (DIstributed System, blockchain)",Swarm Foundation,Anywhere in the World
Senior Software Engineer (Rust),Prisma,Europe Only/UK Only/Africa Only,Senior Software Engineer (Rust),Prisma,Europe Only/UK Only/Africa Only
German Customer Support Specialist,HubSpot,Europe Only,German Customer Support Specialist,HubSpot,Europe Only
Junior Customer Support Specialist (Remote),Kreativstorm,Anywhere in the World,Junior Customer Support Specialist (Remote),Kreativstorm,Anywhere in the World
Associate CX Specialist,Calm,USA Only,Associate CX Specialist,Calm,USA Only
Remote Customer Success Specialist,NoGigiddy,Anywhere in the World,Remote Customer Success Specialist,NoGigiddy,Anywhere in the World
"Chat Support Agent (Remote) - Entry Level, No Degree Required - 15 - 18 per Hour",NoGigiddy,Anywhere in the World,"Chat Support Agent (Remote) - Entry Level, No Degree Required - 15 - 18 per Hour",NoGigiddy,Anywhere in the World
Entry-Level Account Manager,NoGigiddy,Anywhere in the World,Entry-Level Account Manager,NoGigiddy,Anywhere in the World
Remote Customer Service Rep Up to 19/hour - No Degree Needed,NoGigiddy,Anywhere in the World,Remote Customer Service Rep Up to 19/hour - No Degree Needed,NoGigiddy,Anywhere in the World
Customer Support Manager,Komoot,Europe Only,Customer Support Manager,Komoot,Europe Only
Technical Customer Support Specialist (EU Timezone),Crisp,Europe Only,Technical Customer Support Specialist (EU Timezone),Crisp,Europe Only
"Customer Support Specialist (LATAM, US experience encouraged)",Loop Support,Latin America Only,"Customer Support Specialist (LATAM, US experience encouraged)",Loop Support,Latin America Only
Home-Office Agent/in (m/w/d) gesucht - Kundenservice Call & E-Mail 100% Home-Office,hey contact heroes GmbH,Anywhere in the World,Home-Office Agent/in (m/w/d) gesucht - Kundenservice Call & E-Mail 100% Home-Office,hey contact heroes GmbH,Anywhere in the World
HR Business Partner,NVIDIA,Asia Only,HR Business Partner,NVIDIA,Asia Only
Senior Account Manager â€“ Automotive Industry,NVIDIA,Asia Only,Senior Account Manager â€“ Automotive Industry,NVIDIA,Asia Only
Senior Automation QA Engineer,Lemon.io,Latin America Only,Senior Automation QA Engineer,Lemon.io,Latin America Only
Recruiter,OnTheGoSystems,Europe Only,Recruiter,OnTheGoSystems,Europe Only
Project Manager,"VEXXHOST, Inc.",Anywhere in the World,Project Manager,"VEXXHOST, Inc.",Anywhere in the World
Senior Next.js Developer,Proxify AB,Latin America Only/Europe Only/EMEA Only,Senior Next.js Developer,Proxify AB,Latin America Only/Europe Only/EMEA Only
Senior Magento Developer,Proxify AB,Latin America Only/Europe Only/EMEA Only,Senior Magento Developer,Proxify AB,Latin America Only/Europe Only/EMEA Only
Senior Unreal Engine Developer,Proxify AB,Latin America Only/Europe Only/EMEA Only,Senior Unreal Engine Developer,Proxify AB,Latin America Only/Europe Only/EMEA Only
Senior Data Engineer,Proxify AB,Latin America Only/Europe Only/EMEA Only,Senior Data Engineer,Proxify AB,Latin America Only/Europe Only/EMEA Only
Senior React Native Developer,Proxify AB,Latin America Only/Europe Only/EMEA Only,Senior React Native Developer,Proxify AB,Latin America Only/Europe Only/EMEA Only
Senior iOS Developer,Proxify AB,Latin America Only/Europe Only/EMEA Only,Senior iOS Developer,Proxify AB,Latin America Only/Europe Only/EMEA Only
Senior Fullstack Developer,Proxify AB,Latin America Only/Europe Only/EMEA Only,Senior Fullstack Developer,Proxify AB,Latin America Only/Europe Only/EMEA Only
Senior Microsoft PowerBI Developer,Proxify AB,Latin America Only/Europe Only/EMEA Only,Senior Microsoft PowerBI Developer,Proxify AB,Latin America Only/Europe Only/EMEA Only
Partnerships Specialist,OnTheGoSystems,Europe Only,Partnerships Specialist,OnTheGoSystems,Europe Only
Revenue Growth Lead,Toggl,Anywhere in the World,Revenue Growth Lead,Toggl,Anywhere in the World
Senior Product Marketing Manager â€” Toggl Work,Toggl,Europe Only,Senior Product Marketing Manager â€” Toggl Work,Toggl,Europe Only
Student Representatives,EDUopinions,Anywhere in the World,Student Representatives,EDUopinions,Anywhere in the World
AI Content Evaluator,Best Writers Cafe,USA Only/UK Only/Canada Only,AI Content Evaluator,Best Writers Cafe,USA Only/UK Only/Canada Only
Media Buyer | (Assistant) Campaign Manager,Z3 Media,Europe Only/Asia Only/Africa Only/Oceania Only,Media Buyer | (Assistant) Campaign Manager,Z3 Media,Europe Only/Asia Only/Africa Only/Oceania Only
Internal Communications Manager - Field Operations,Samsara,Canada Only,Internal Communications Manager - Field Operations,Samsara,Canada Only
FT/PT Remote AI Prompt Engineering & Evaluation - Will Train,DataAnnotation.tech,USA Only/UK Only/Canada Only,FT/PT Remote AI Prompt Engineering & Evaluation - Will Train,DataAnnotation.tech,USA Only/UK Only/Canada Only
Social Media Strategist,Horizon Brands (archive-1730466399),Anywhere in the World,Social Media Strategist,Horizon Brands (archive-1730466399),Anywhere in the World
Remote Administrative Assistant,NoGigiddy,Anywhere in the World,Remote Administrative Assistant,NoGigiddy,Anywhere in the World
Online English Teacher,Native Camp,Anywhere in the World,Online English Teacher,Native Camp,Anywhere in the World
Illustrator,Contra,Anywhere in the World,Illustrator,Contra,Anywhere in the World
Product Analyst,Wordwall,Anywhere in the World,Product Analyst,Wordwall,Anywhere in the World
Senior Product Manager,Toggl,Anywhere in the World,Senior Product Manager,Toggl,Anywhere in the World
"UX Researcher, Qualitative",Meta,USA Only,"UX Researcher, Qualitative",Meta,USA Only
Senior Independent Product Manager/Product Designer ($90-$170/hr),A.Team,Anywhere in the World,Senior Independent Product Manager/Product Designer ($90-$170/hr),A.Team,Anywhere in the World
Senior Full Stack Engineer,Localize,USA Only,Senior Full Stack Engineer,Localize,USA Only
Full-Stack Wordpress Developer,BBE Marketing Inc,Anywhere in the World,Full-Stack Wordpress Developer,BBE Marketing Inc,Anywhere in the World
Senior React.js & Python Developer,Lemon.io,Latin America Only/Europe Only/Canada Only/Asia Only/Oceania Only,Senior React.js & Python Developer,Lemon.io,Latin America Only/Europe Only/Canada Only/Asia Only/Oceania Only
Full Stack Developer,We Work Remotely,Latin America Only,Full Stack Developer,We Work Remotely,Latin America Only
Full Stack Developer (.Net Core / C# / Angular) - English + Ukrainian or Russian is required,Salesflow.io,Europe Only,Full Stack Developer (.Net Core / C# / Angular) - English + Ukrainian or Russian is required,Salesflow.io,Europe Only
Fullstack Engineer,Contra,Anywhere in the World,Fullstack Engineer,Contra,Anywhere in the World
Low-Code/No-Code Developer,Contra,Anywhere in the World,Low-Code/No-Code Developer,Contra,Anywhere in the World
Webflow Developer,Contra,Anywhere in the World,Webflow Developer,Contra,Anywhere in the World
Web Developer,Contra,Anywhere in the World,Web Developer,Contra,Anywhere in the World
Framer Developer,Contra,Anywhere in the World,Framer Developer,Contra,Anywhere in the World
Senior React & Node.js Developer,Lemon.io,Latin America Only/Europe Only/UK Only/Canada Only/Asia Only/Oceania Only,Senior React & Node.js Developer,Lemon.io,Latin America Only/Europe Only/UK Only/Canada Only/Asia Only/Oceania Only
Full Stack Developer Bootcamp - Job GuaranteedðŸš€,Metana - Coding School,Anywhere in the World,Full Stack Developer Bootcamp - Job GuaranteedðŸš€,Metana - Coding School,Anywhere in the World
"Product Manager, Global Workforce Solutions",Meta,USA Only,"Product Manager, Global Workforce Solutions",Meta,USA Only
Humble Hacker Wanted: Remote Developer & AI Enthusiast for Scraping and Automation,Biodenix Inc,Anywhere in the World,Humble Hacker Wanted: Remote Developer & AI Enthusiast for Scraping and Automation,Biodenix Inc,Anywhere in the World
Senior Full Stack Engineer,SyncWith,Anywhere in the World,Senior Full Stack Engineer,SyncWith,Anywhere in the World
Senior DevOps Engineer (Azure),Proxify AB,Latin America Only/Europe Only/EMEA Only,Senior DevOps Engineer (Azure),Proxify AB,Latin America Only/Europe Only/EMEA Only
Senior DevOps Engineer (AWS),Proxify AB,Latin America Only/Europe Only/EMEA Only,Senior DevOps Engineer (AWS),Proxify AB,Latin America Only/Europe Only/EMEA Only
Senior Frontend Developer,SimplyAnalytics,Americas Only,Senior Frontend Developer,SimplyAnalytics,Americas Only
Frontend Engineer,Contra,Anywhere in the World,Frontend Engineer,Contra,Anywhere in the World
Operations & Supply Chain Manager,TheKiddoSpace,Anywhere in the World,Operations & Supply Chain Manager,TheKiddoSpace,Anywhere in the World
Global Sales Analytics Lead,Meta,USA Only,Global Sales Analytics Lead,Meta,USA Only
Social Media Expert,Crisis Control Solutions LLC,USA Only,Social Media Expert,Crisis Control Solutions LLC,USA Only
Business Analyst,Elite Software Automation,Anywhere in the World,Business Analyst,Elite Software Automation,Anywhere in the World
Operations Manager for Affiliate Marketing Firm,LeadRoll,Anywhere in the World,Operations Manager for Affiliate Marketing Firm,LeadRoll,Anywhere in the World
IFRS Accountant with Multiple Jurisdiction Experience,Flag Theory,Anywhere in the World,IFRS Accountant with Multiple Jurisdiction Experience,Flag Theory,Anywhere in the World
Marketing Automation SaaS + Services Line of Business Owner,New Law Business Model,Anywhere in the World,Marketing Automation SaaS + Services Line of Business Owner,New Law Business Model,Anywhere in the World
